ID,Classe
Apis (1).png,Apis
Apis (10).png,Apis
Apis (100).png,Apis
Apis (1000).png,Apis
Apis (1001).png,Apis
Apis (1002).png,Apis
Apis (1003).png,Apis
Apis (1004).png,Apis
Apis (1005).png,Apis
Apis (1006).png,Apis
Apis (1007).png,Apis
Apis (1008).png,Apis
Apis (1009).png,Apis
Apis (101).png,Apis
Apis (1010).png,Apis
Apis (1011).png,Apis
Apis (1012).png,Apis
Apis (1013).png,Apis
Apis (1014).png,Apis
Apis (1015).png,Apis
Apis (1016).png,Apis
Apis (1017).png,Apis
Apis (1018).png,Apis
Apis (1019).png,Apis
Apis (102).png,Apis
Apis (1020).png,Apis
Apis (1021).png,Apis
Apis (1022).png,Apis
Apis (1023).png,Apis
Apis (1024).png,Apis
Apis (1025).png,Apis
Apis (1026).png,Apis
Apis (1027).png,Apis
Apis (1028).png,Apis
Apis (1029).png,Apis
Apis (103).png,Apis
Apis (1030).png,Apis
Apis (1031).png,Apis
Apis (1032).png,Apis
Apis (1033).png,Apis
Apis (1034).png,Apis
Apis (1035).png,Apis
Apis (1036).png,Apis
Apis (1037).png,Apis
Apis (1038).png,Apis
Apis (1039).png,Apis
Apis (104).png,Apis
Apis (1040).png,Apis
Apis (1041).png,Apis
Apis (1042).png,Apis
Apis (1043).png,Apis
Apis (1044).png,Apis
Apis (1045).png,Apis
Apis (1046).png,Apis
Apis (1047).png,Apis
Apis (1048).png,Apis
Apis (1049).png,Apis
Apis (105).png,Apis
Apis (1050).png,Apis
Apis (1051).png,Apis
Apis (1052).png,Apis
Apis (1053).png,Apis
Apis (1054).png,Apis
Apis (1055).png,Apis
Apis (1056).png,Apis
Apis (1057).png,Apis
Apis (1058).png,Apis
Apis (1059).png,Apis
Apis (106).png,Apis
Apis (1060).png,Apis
Apis (1061).png,Apis
Apis (1062).png,Apis
Apis (1063).png,Apis
Apis (1064).png,Apis
Apis (1065).png,Apis
Apis (1066).png,Apis
Apis (1067).png,Apis
Apis (1068).png,Apis
Apis (1069).png,Apis
Apis (107).png,Apis
Apis (1070).png,Apis
Apis (1071).png,Apis
Apis (1072).png,Apis
Apis (1073).png,Apis
Apis (1074).png,Apis
Apis (1075).png,Apis
Apis (1076).png,Apis
Apis (1077).png,Apis
Apis (1078).png,Apis
Apis (1079).png,Apis
Apis (108).png,Apis
Apis (1080).png,Apis
Apis (1081).png,Apis
Apis (1082).png,Apis
Apis (1083).png,Apis
Apis (1084).png,Apis
Apis (1085).png,Apis
Apis (1086).png,Apis
Apis (1087).png,Apis
Apis (1088).png,Apis
Apis (1089).png,Apis
Apis (109).png,Apis
Apis (1090).png,Apis
Apis (1091).png,Apis
Apis (1092).png,Apis
Apis (1093).png,Apis
Apis (1094).png,Apis
Apis (1095).png,Apis
Apis (1096).png,Apis
Apis (1097).png,Apis
Apis (1098).png,Apis
Apis (1099).png,Apis
Apis (11).png,Apis
Apis (110).png,Apis
Apis (1100).png,Apis
Apis (1101).png,Apis
Apis (1102).png,Apis
Apis (1103).png,Apis
Apis (1104).png,Apis
Apis (1105).png,Apis
Apis (1106).png,Apis
Apis (1107).png,Apis
Apis (1108).png,Apis
Apis (1109).png,Apis
Apis (111).png,Apis
Apis (1110).png,Apis
Apis (1111).png,Apis
Apis (1112).png,Apis
Apis (1113).png,Apis
Apis (1114).png,Apis
Apis (1115).png,Apis
Apis (1116).png,Apis
Apis (1117).png,Apis
Apis (1118).png,Apis
Apis (1119).png,Apis
Apis (112).png,Apis
Apis (1120).png,Apis
Apis (1121).png,Apis
Apis (1122).png,Apis
Apis (1123).png,Apis
Apis (1124).png,Apis
Apis (1125).png,Apis
Apis (1126).png,Apis
Apis (1127).png,Apis
Apis (1128).png,Apis
Apis (1129).png,Apis
Apis (113).png,Apis
Apis (1130).png,Apis
Apis (1131).png,Apis
Apis (1132).png,Apis
Apis (1133).png,Apis
Apis (1134).png,Apis
Apis (1135).png,Apis
Apis (1136).png,Apis
Apis (1137).png,Apis
Apis (1138).png,Apis
Apis (1139).png,Apis
Apis (114).png,Apis
Apis (1140).png,Apis
Apis (1141).png,Apis
Apis (1142).png,Apis
Apis (1143).png,Apis
Apis (1144).png,Apis
Apis (1145).png,Apis
Apis (1146).png,Apis
Apis (1147).png,Apis
Apis (1148).png,Apis
Apis (1149).png,Apis
Apis (115).png,Apis
Apis (1150).png,Apis
Apis (116).png,Apis
Apis (117).png,Apis
Apis (118).png,Apis
Apis (119).png,Apis
Apis (12).png,Apis
Apis (120).png,Apis
Apis (121).png,Apis
Apis (122).png,Apis
Apis (123).png,Apis
Apis (124).png,Apis
Apis (125).png,Apis
Apis (126).png,Apis
Apis (127).png,Apis
Apis (128).png,Apis
Apis (129).png,Apis
Apis (13).png,Apis
Apis (130).png,Apis
Apis (131).png,Apis
Apis (132).png,Apis
Apis (133).png,Apis
Apis (134).png,Apis
Apis (135).png,Apis
Apis (136).png,Apis
Apis (137).png,Apis
Apis (138).png,Apis
Apis (139).png,Apis
Apis (14).png,Apis
Apis (140).png,Apis
Apis (141).png,Apis
Apis (142).png,Apis
Apis (143).png,Apis
Apis (144).png,Apis
Apis (145).png,Apis
Apis (146).png,Apis
Apis (147).png,Apis
Apis (148).png,Apis
Apis (149).png,Apis
Apis (15).png,Apis
Apis (150).png,Apis
Apis (151).png,Apis
Apis (152).png,Apis
Apis (153).png,Apis
Apis (154).png,Apis
Apis (155).png,Apis
Apis (156).png,Apis
Apis (157).png,Apis
Apis (158).png,Apis
Apis (159).png,Apis
Apis (16).png,Apis
Apis (160).png,Apis
Apis (161).png,Apis
Apis (162).png,Apis
Apis (163).png,Apis
Apis (164).png,Apis
Apis (165).png,Apis
Apis (166).png,Apis
Apis (167).png,Apis
Apis (168).png,Apis
Apis (169).png,Apis
Apis (17).png,Apis
Apis (170).png,Apis
Apis (171).png,Apis
Apis (172).png,Apis
Apis (173).png,Apis
Apis (174).png,Apis
Apis (175).png,Apis
Apis (176).png,Apis
Apis (177).png,Apis
Apis (178).png,Apis
Apis (179).png,Apis
Apis (18).png,Apis
Apis (180).png,Apis
Apis (181).png,Apis
Apis (182).png,Apis
Apis (183).png,Apis
Apis (184).png,Apis
Apis (185).png,Apis
Apis (186).png,Apis
Apis (187).png,Apis
Apis (188).png,Apis
Apis (189).png,Apis
Apis (19).png,Apis
Apis (190).png,Apis
Apis (191).png,Apis
Apis (192).png,Apis
Apis (193).png,Apis
Apis (194).png,Apis
Apis (195).png,Apis
Apis (196).png,Apis
Apis (197).png,Apis
Apis (198).png,Apis
Apis (199).png,Apis
Apis (2).png,Apis
Apis (20).png,Apis
Apis (200).png,Apis
Apis (201).png,Apis
Apis (202).png,Apis
Apis (203).png,Apis
Apis (204).png,Apis
Apis (205).png,Apis
Apis (206).png,Apis
Apis (207).png,Apis
Apis (208).png,Apis
Apis (209).png,Apis
Apis (21).png,Apis
Apis (210).png,Apis
Apis (211).png,Apis
Apis (212).png,Apis
Apis (213).png,Apis
Apis (214).png,Apis
Apis (215).png,Apis
Apis (216).png,Apis
Apis (217).png,Apis
Apis (218).png,Apis
Apis (219).png,Apis
Apis (22).png,Apis
Apis (220).png,Apis
Apis (221).png,Apis
Apis (222).png,Apis
Apis (223).png,Apis
Apis (224).png,Apis
Apis (225).png,Apis
Apis (226).png,Apis
Apis (227).png,Apis
Apis (228).png,Apis
Apis (229).png,Apis
Apis (23).png,Apis
Apis (230).png,Apis
Apis (231).png,Apis
Apis (232).png,Apis
Apis (233).png,Apis
Apis (234).png,Apis
Apis (235).png,Apis
Apis (236).png,Apis
Apis (237).png,Apis
Apis (238).png,Apis
Apis (239).png,Apis
Apis (24).png,Apis
Apis (240).png,Apis
Apis (241).png,Apis
Apis (242).png,Apis
Apis (243).png,Apis
Apis (244).png,Apis
Apis (245).png,Apis
Apis (246).png,Apis
Apis (247).png,Apis
Apis (248).png,Apis
Apis (249).png,Apis
Apis (25).png,Apis
Apis (250).png,Apis
Apis (251).png,Apis
Apis (252).png,Apis
Apis (253).png,Apis
Apis (254).png,Apis
Apis (255).png,Apis
Apis (256).png,Apis
Apis (257).png,Apis
Apis (258).png,Apis
Apis (259).png,Apis
Apis (26).png,Apis
Apis (260).png,Apis
Apis (261).png,Apis
Apis (262).png,Apis
Apis (263).png,Apis
Apis (264).png,Apis
Apis (265).png,Apis
Apis (266).png,Apis
Apis (267).png,Apis
Apis (268).png,Apis
Apis (269).png,Apis
Apis (27).png,Apis
Apis (270).png,Apis
Apis (271).png,Apis
Apis (272).png,Apis
Apis (273).png,Apis
Apis (274).png,Apis
Apis (275).png,Apis
Apis (276).png,Apis
Apis (277).png,Apis
Apis (278).png,Apis
Apis (279).png,Apis
Apis (28).png,Apis
Apis (280).png,Apis
Apis (281).png,Apis
Apis (282).png,Apis
Apis (283).png,Apis
Apis (284).png,Apis
Apis (285).png,Apis
Apis (286).png,Apis
Apis (287).png,Apis
Apis (288).png,Apis
Apis (289).png,Apis
Apis (29).png,Apis
Apis (290).png,Apis
Apis (291).png,Apis
Apis (292).png,Apis
Apis (293).png,Apis
Apis (294).png,Apis
Apis (295).png,Apis
Apis (296).png,Apis
Apis (297).png,Apis
Apis (298).png,Apis
Apis (299).png,Apis
Apis (3).png,Apis
Apis (30).png,Apis
Apis (300).png,Apis
Apis (301).png,Apis
Apis (302).png,Apis
Apis (303).png,Apis
Apis (304).png,Apis
Apis (305).png,Apis
Apis (306).png,Apis
Apis (307).png,Apis
Apis (308).png,Apis
Apis (309).png,Apis
Apis (31).png,Apis
Apis (310).png,Apis
Apis (311).png,Apis
Apis (312).png,Apis
Apis (313).png,Apis
Apis (314).png,Apis
Apis (315).png,Apis
Apis (316).png,Apis
Apis (317).png,Apis
Apis (318).png,Apis
Apis (319).png,Apis
Apis (32).png,Apis
Apis (320).png,Apis
Apis (321).png,Apis
Apis (322).png,Apis
Apis (323).png,Apis
Apis (324).png,Apis
Apis (325).png,Apis
Apis (326).png,Apis
Apis (327).png,Apis
Apis (328).png,Apis
Apis (329).png,Apis
Apis (33).png,Apis
Apis (330).png,Apis
Apis (331).png,Apis
Apis (332).png,Apis
Apis (333).png,Apis
Apis (334).png,Apis
Apis (335).png,Apis
Apis (336).png,Apis
Apis (337).png,Apis
Apis (338).png,Apis
Apis (339).png,Apis
Apis (34).png,Apis
Apis (340).png,Apis
Apis (341).png,Apis
Apis (342).png,Apis
Apis (343).png,Apis
Apis (344).png,Apis
Apis (345).png,Apis
Apis (346).png,Apis
Apis (347).png,Apis
Apis (348).png,Apis
Apis (349).png,Apis
Apis (35).png,Apis
Apis (350).png,Apis
Apis (351).png,Apis
Apis (352).png,Apis
Apis (353).png,Apis
Apis (354).png,Apis
Apis (355).png,Apis
Apis (356).png,Apis
Apis (357).png,Apis
Apis (358).png,Apis
Apis (359).png,Apis
Apis (36).png,Apis
Apis (360).png,Apis
Apis (361).png,Apis
Apis (362).png,Apis
Apis (363).png,Apis
Apis (364).png,Apis
Apis (365).png,Apis
Apis (366).png,Apis
Apis (367).png,Apis
Apis (368).png,Apis
Apis (369).png,Apis
Apis (37).png,Apis
Apis (370).png,Apis
Apis (371).png,Apis
Apis (372).png,Apis
Apis (373).png,Apis
Apis (374).png,Apis
Apis (375).png,Apis
Apis (376).png,Apis
Apis (377).png,Apis
Apis (378).png,Apis
Apis (379).png,Apis
Apis (38).png,Apis
Apis (380).png,Apis
Apis (381).png,Apis
Apis (382).png,Apis
Apis (383).png,Apis
Apis (384).png,Apis
Apis (385).png,Apis
Apis (386).png,Apis
Apis (387).png,Apis
Apis (388).png,Apis
Apis (389).png,Apis
Apis (39).png,Apis
Apis (390).png,Apis
Apis (391).png,Apis
Apis (392).png,Apis
Apis (393).png,Apis
Apis (394).png,Apis
Apis (395).png,Apis
Apis (396).png,Apis
Apis (397).png,Apis
Apis (398).png,Apis
Apis (399).png,Apis
Apis (4).png,Apis
Apis (40).png,Apis
Apis (400).png,Apis
Apis (401).png,Apis
Apis (402).png,Apis
Apis (403).png,Apis
Apis (404).png,Apis
Apis (405).png,Apis
Apis (406).png,Apis
Apis (407).png,Apis
Apis (408).png,Apis
Apis (409).png,Apis
Apis (41).png,Apis
Apis (410).png,Apis
Apis (411).png,Apis
Apis (412).png,Apis
Apis (413).png,Apis
Apis (414).png,Apis
Apis (415).png,Apis
Apis (416).png,Apis
Apis (417).png,Apis
Apis (418).png,Apis
Apis (419).png,Apis
Apis (42).png,Apis
Apis (420).png,Apis
Apis (421).png,Apis
Apis (422).png,Apis
Apis (423).png,Apis
Apis (424).png,Apis
Apis (425).png,Apis
Apis (426).png,Apis
Apis (427).png,Apis
Apis (428).png,Apis
Apis (429).png,Apis
Apis (43).png,Apis
Apis (430).png,Apis
Apis (431).png,Apis
Apis (432).png,Apis
Apis (433).png,Apis
Apis (434).png,Apis
Apis (435).png,Apis
Apis (436).png,Apis
Apis (437).png,Apis
Apis (438).png,Apis
Apis (439).png,Apis
Apis (44).png,Apis
Apis (440).png,Apis
Apis (441).png,Apis
Apis (442).png,Apis
Apis (443).png,Apis
Apis (444).png,Apis
Apis (445).png,Apis
Apis (446).png,Apis
Apis (447).png,Apis
Apis (448).png,Apis
Apis (449).png,Apis
Apis (45).png,Apis
Apis (450).png,Apis
Apis (451).png,Apis
Apis (452).png,Apis
Apis (453).png,Apis
Apis (454).png,Apis
Apis (455).png,Apis
Apis (456).png,Apis
Apis (457).png,Apis
Apis (458).png,Apis
Apis (459).png,Apis
Apis (46).png,Apis
Apis (460).png,Apis
Apis (461).png,Apis
Apis (462).png,Apis
Apis (463).png,Apis
Apis (464).png,Apis
Apis (465).png,Apis
Apis (466).png,Apis
Apis (467).png,Apis
Apis (468).png,Apis
Apis (469).png,Apis
Apis (47).png,Apis
Apis (470).png,Apis
Apis (471).png,Apis
Apis (472).png,Apis
Apis (473).png,Apis
Apis (474).png,Apis
Apis (475).png,Apis
Apis (476).png,Apis
Apis (477).png,Apis
Apis (478).png,Apis
Apis (479).png,Apis
Apis (48).png,Apis
Apis (480).png,Apis
Apis (481).png,Apis
Apis (482).png,Apis
Apis (483).png,Apis
Apis (484).png,Apis
Apis (485).png,Apis
Apis (486).png,Apis
Apis (487).png,Apis
Apis (488).png,Apis
Apis (489).png,Apis
Apis (49).png,Apis
Apis (490).png,Apis
Apis (491).png,Apis
Apis (492).png,Apis
Apis (493).png,Apis
Apis (494).png,Apis
Apis (495).png,Apis
Apis (496).png,Apis
Apis (497).png,Apis
Apis (498).png,Apis
Apis (499).png,Apis
Apis (5).png,Apis
Apis (50).png,Apis
Apis (500).png,Apis
Apis (501).png,Apis
Apis (502).png,Apis
Apis (503).png,Apis
Apis (504).png,Apis
Apis (505).png,Apis
Apis (506).png,Apis
Apis (507).png,Apis
Apis (508).png,Apis
Apis (509).png,Apis
Apis (51).png,Apis
Apis (510).png,Apis
Apis (511).png,Apis
Apis (512).png,Apis
Apis (513).png,Apis
Apis (514).png,Apis
Apis (515).png,Apis
Apis (516).png,Apis
Apis (517).png,Apis
Apis (518).png,Apis
Apis (519).png,Apis
Apis (52).png,Apis
Apis (520).png,Apis
Apis (521).png,Apis
Apis (522).png,Apis
Apis (523).png,Apis
Apis (524).png,Apis
Apis (525).png,Apis
Apis (526).png,Apis
Apis (527).png,Apis
Apis (528).png,Apis
Apis (529).png,Apis
Apis (53).png,Apis
Apis (530).png,Apis
Apis (531).png,Apis
Apis (532).png,Apis
Apis (533).png,Apis
Apis (534).png,Apis
Apis (535).png,Apis
Apis (536).png,Apis
Apis (537).png,Apis
Apis (538).png,Apis
Apis (539).png,Apis
Apis (54).png,Apis
Apis (540).png,Apis
Apis (541).png,Apis
Apis (542).png,Apis
Apis (543).png,Apis
Apis (544).png,Apis
Apis (545).png,Apis
Apis (546).png,Apis
Apis (547).png,Apis
Apis (548).png,Apis
Apis (549).png,Apis
Apis (55).png,Apis
Apis (550).png,Apis
Apis (551).png,Apis
Apis (552).png,Apis
Apis (553).png,Apis
Apis (554).png,Apis
Apis (555).png,Apis
Apis (556).png,Apis
Apis (557).png,Apis
Apis (558).png,Apis
Apis (559).png,Apis
Apis (56).png,Apis
Apis (560).png,Apis
Apis (561).png,Apis
Apis (562).png,Apis
Apis (563).png,Apis
Apis (564).png,Apis
Apis (565).png,Apis
Apis (566).png,Apis
Apis (567).png,Apis
Apis (568).png,Apis
Apis (569).png,Apis
Apis (57).png,Apis
Apis (570).png,Apis
Apis (571).png,Apis
Apis (572).png,Apis
Apis (573).png,Apis
Apis (574).png,Apis
Apis (575).png,Apis
Apis (576).png,Apis
Apis (577).png,Apis
Apis (578).png,Apis
Apis (579).png,Apis
Apis (58).png,Apis
Apis (580).png,Apis
Apis (581).png,Apis
Apis (582).png,Apis
Apis (583).png,Apis
Apis (584).png,Apis
Apis (585).png,Apis
Apis (586).png,Apis
Apis (587).png,Apis
Apis (588).png,Apis
Apis (589).png,Apis
Apis (59).png,Apis
Apis (590).png,Apis
Apis (591).png,Apis
Apis (592).png,Apis
Apis (593).png,Apis
Apis (594).png,Apis
Apis (595).png,Apis
Apis (596).png,Apis
Apis (597).png,Apis
Apis (598).png,Apis
Apis (599).png,Apis
Apis (6).png,Apis
Apis (60).png,Apis
Apis (600).png,Apis
Apis (601).png,Apis
Apis (602).png,Apis
Apis (603).png,Apis
Apis (604).png,Apis
Apis (605).png,Apis
Apis (606).png,Apis
Apis (607).png,Apis
Apis (608).png,Apis
Apis (609).png,Apis
Apis (61).png,Apis
Apis (610).png,Apis
Apis (611).png,Apis
Apis (612).png,Apis
Apis (613).png,Apis
Apis (614).png,Apis
Apis (615).png,Apis
Apis (616).png,Apis
Apis (617).png,Apis
Apis (618).png,Apis
Apis (619).png,Apis
Apis (62).png,Apis
Apis (620).png,Apis
Apis (621).png,Apis
Apis (622).png,Apis
Apis (623).png,Apis
Apis (624).png,Apis
Apis (625).png,Apis
Apis (626).png,Apis
Apis (627).png,Apis
Apis (628).png,Apis
Apis (629).png,Apis
Apis (63).png,Apis
Apis (630).png,Apis
Apis (631).png,Apis
Apis (632).png,Apis
Apis (633).png,Apis
Apis (634).png,Apis
Apis (635).png,Apis
Apis (636).png,Apis
Apis (637).png,Apis
Apis (638).png,Apis
Apis (639).png,Apis
Apis (64).png,Apis
Apis (640).png,Apis
Apis (641).png,Apis
Apis (642).png,Apis
Apis (643).png,Apis
Apis (644).png,Apis
Apis (645).png,Apis
Apis (646).png,Apis
Apis (647).png,Apis
Apis (648).png,Apis
Apis (649).png,Apis
Apis (65).png,Apis
Apis (650).png,Apis
Apis (651).png,Apis
Apis (652).png,Apis
Apis (653).png,Apis
Apis (654).png,Apis
Apis (655).png,Apis
Apis (656).png,Apis
Apis (657).png,Apis
Apis (658).png,Apis
Apis (659).png,Apis
Apis (66).png,Apis
Apis (660).png,Apis
Apis (661).png,Apis
Apis (662).png,Apis
Apis (663).png,Apis
Apis (664).png,Apis
Apis (665).png,Apis
Apis (666).png,Apis
Apis (667).png,Apis
Apis (668).png,Apis
Apis (669).png,Apis
Apis (67).png,Apis
Apis (670).png,Apis
Apis (671).png,Apis
Apis (672).png,Apis
Apis (673).png,Apis
Apis (674).png,Apis
Apis (675).png,Apis
Apis (676).png,Apis
Apis (677).png,Apis
Apis (678).png,Apis
Apis (679).png,Apis
Apis (68).png,Apis
Apis (680).png,Apis
Apis (681).png,Apis
Apis (682).png,Apis
Apis (683).png,Apis
Apis (684).png,Apis
Apis (685).png,Apis
Apis (686).png,Apis
Apis (687).png,Apis
Apis (688).png,Apis
Apis (689).png,Apis
Apis (69).png,Apis
Apis (690).png,Apis
Apis (691).png,Apis
Apis (692).png,Apis
Apis (693).png,Apis
Apis (694).png,Apis
Apis (695).png,Apis
Apis (696).png,Apis
Apis (697).png,Apis
Apis (698).png,Apis
Apis (699).png,Apis
Apis (7).png,Apis
Apis (70).png,Apis
Apis (700).png,Apis
Apis (701).png,Apis
Apis (702).png,Apis
Apis (703).png,Apis
Apis (704).png,Apis
Apis (705).png,Apis
Apis (706).png,Apis
Apis (707).png,Apis
Apis (708).png,Apis
Apis (709).png,Apis
Apis (71).png,Apis
Apis (710).png,Apis
Apis (711).png,Apis
Apis (712).png,Apis
Apis (713).png,Apis
Apis (714).png,Apis
Apis (715).png,Apis
Apis (716).png,Apis
Apis (717).png,Apis
Apis (718).png,Apis
Apis (719).png,Apis
Apis (72).png,Apis
Apis (720).png,Apis
Apis (721).png,Apis
Apis (722).png,Apis
Apis (723).png,Apis
Apis (724).png,Apis
Apis (725).png,Apis
Apis (726).png,Apis
Apis (727).png,Apis
Apis (728).png,Apis
Apis (729).png,Apis
Apis (73).png,Apis
Apis (730).png,Apis
Apis (731).png,Apis
Apis (732).png,Apis
Apis (733).png,Apis
Apis (734).png,Apis
Apis (735).png,Apis
Apis (736).png,Apis
Apis (737).png,Apis
Apis (738).png,Apis
Apis (739).png,Apis
Apis (74).png,Apis
Apis (740).png,Apis
Apis (741).png,Apis
Apis (742).png,Apis
Apis (743).png,Apis
Apis (744).png,Apis
Apis (745).png,Apis
Apis (746).png,Apis
Apis (747).png,Apis
Apis (748).png,Apis
Apis (749).png,Apis
Apis (75).png,Apis
Apis (750).png,Apis
Apis (751).png,Apis
Apis (752).png,Apis
Apis (753).png,Apis
Apis (754).png,Apis
Apis (755).png,Apis
Apis (756).png,Apis
Apis (757).png,Apis
Apis (758).png,Apis
Apis (759).png,Apis
Apis (76).png,Apis
Apis (760).png,Apis
Apis (761).png,Apis
Apis (762).png,Apis
Apis (763).png,Apis
Apis (764).png,Apis
Apis (765).png,Apis
Apis (766).png,Apis
Apis (767).png,Apis
Apis (768).png,Apis
Apis (769).png,Apis
Apis (77).png,Apis
Apis (770).png,Apis
Apis (771).png,Apis
Apis (772).png,Apis
Apis (773).png,Apis
Apis (774).png,Apis
Apis (775).png,Apis
Apis (776).png,Apis
Apis (777).png,Apis
Apis (778).png,Apis
Apis (779).png,Apis
Apis (78).png,Apis
Apis (780).png,Apis
Apis (781).png,Apis
Apis (782).png,Apis
Apis (783).png,Apis
Apis (784).png,Apis
Apis (785).png,Apis
Apis (786).png,Apis
Apis (787).png,Apis
Apis (788).png,Apis
Apis (789).png,Apis
Apis (79).png,Apis
Apis (790).png,Apis
Apis (791).png,Apis
Apis (792).png,Apis
Apis (793).png,Apis
Apis (794).png,Apis
Apis (795).png,Apis
Apis (796).png,Apis
Apis (797).png,Apis
Apis (798).png,Apis
Apis (799).png,Apis
Apis (8).png,Apis
Apis (80).png,Apis
Apis (800).png,Apis
Apis (801).png,Apis
Apis (802).png,Apis
Apis (803).png,Apis
Apis (804).png,Apis
Apis (805).png,Apis
Apis (806).png,Apis
Apis (807).png,Apis
Apis (808).png,Apis
Apis (809).png,Apis
Apis (81).png,Apis
Apis (810).png,Apis
Apis (811).png,Apis
Apis (812).png,Apis
Apis (813).png,Apis
Apis (814).png,Apis
Apis (815).png,Apis
Apis (816).png,Apis
Apis (817).png,Apis
Apis (818).png,Apis
Apis (819).png,Apis
Apis (82).png,Apis
Apis (820).png,Apis
Apis (821).png,Apis
Apis (822).png,Apis
Apis (823).png,Apis
Apis (824).png,Apis
Apis (825).png,Apis
Apis (826).png,Apis
Apis (827).png,Apis
Apis (828).png,Apis
Apis (829).png,Apis
Apis (83).png,Apis
Apis (830).png,Apis
Apis (831).png,Apis
Apis (832).png,Apis
Apis (833).png,Apis
Apis (834).png,Apis
Apis (835).png,Apis
Apis (836).png,Apis
Apis (837).png,Apis
Apis (838).png,Apis
Apis (839).png,Apis
Apis (84).png,Apis
Apis (840).png,Apis
Apis (841).png,Apis
Apis (842).png,Apis
Apis (843).png,Apis
Apis (844).png,Apis
Apis (845).png,Apis
Apis (846).png,Apis
Apis (847).png,Apis
Apis (848).png,Apis
Apis (849).png,Apis
Apis (85).png,Apis
Apis (850).png,Apis
Apis (851).png,Apis
Apis (852).png,Apis
Apis (853).png,Apis
Apis (854).png,Apis
Apis (855).png,Apis
Apis (856).png,Apis
Apis (857).png,Apis
Apis (858).png,Apis
Apis (859).png,Apis
Apis (86).png,Apis
Apis (860).png,Apis
Apis (861).png,Apis
Apis (862).png,Apis
Apis (863).png,Apis
Apis (864).png,Apis
Apis (865).png,Apis
Apis (866).png,Apis
Apis (867).png,Apis
Apis (868).png,Apis
Apis (869).png,Apis
Apis (87).png,Apis
Apis (870).png,Apis
Apis (871).png,Apis
Apis (872).png,Apis
Apis (873).png,Apis
Apis (874).png,Apis
Apis (875).png,Apis
Apis (876).png,Apis
Apis (877).png,Apis
Apis (878).png,Apis
Apis (879).png,Apis
Apis (88).png,Apis
Apis (880).png,Apis
Apis (881).png,Apis
Apis (882).png,Apis
Apis (883).png,Apis
Apis (884).png,Apis
Apis (885).png,Apis
Apis (886).png,Apis
Apis (887).png,Apis
Apis (888).png,Apis
Apis (889).png,Apis
Apis (89).png,Apis
Apis (890).png,Apis
Apis (891).png,Apis
Apis (892).png,Apis
Apis (893).png,Apis
Apis (894).png,Apis
Apis (895).png,Apis
Apis (896).png,Apis
Apis (897).png,Apis
Apis (898).png,Apis
Apis (899).png,Apis
Apis (9).png,Apis
Apis (90).png,Apis
Apis (900).png,Apis
Apis (901).png,Apis
Apis (902).png,Apis
Apis (903).png,Apis
Apis (904).png,Apis
Apis (905).png,Apis
Apis (906).png,Apis
Apis (907).png,Apis
Apis (908).png,Apis
Apis (909).png,Apis
Apis (91).png,Apis
Apis (910).png,Apis
Apis (911).png,Apis
Apis (912).png,Apis
Apis (913).png,Apis
Apis (914).png,Apis
Apis (915).png,Apis
Apis (916).png,Apis
Apis (917).png,Apis
Apis (918).png,Apis
Apis (919).png,Apis
Apis (92).png,Apis
Apis (920).png,Apis
Apis (921).png,Apis
Apis (922).png,Apis
Apis (923).png,Apis
Apis (924).png,Apis
Apis (925).png,Apis
Apis (926).png,Apis
Apis (927).png,Apis
Apis (928).png,Apis
Apis (929).png,Apis
Apis (93).png,Apis
Apis (930).png,Apis
Apis (931).png,Apis
Apis (932).png,Apis
Apis (933).png,Apis
Apis (934).png,Apis
Apis (935).png,Apis
Apis (936).png,Apis
Apis (937).png,Apis
Apis (938).png,Apis
Apis (939).png,Apis
Apis (94).png,Apis
Apis (940).png,Apis
Apis (941).png,Apis
Apis (942).png,Apis
Apis (943).png,Apis
Apis (944).png,Apis
Apis (945).png,Apis
Apis (946).png,Apis
Apis (947).png,Apis
Apis (948).png,Apis
Apis (949).png,Apis
Apis (95).png,Apis
Apis (950).png,Apis
Apis (951).png,Apis
Apis (952).png,Apis
Apis (953).png,Apis
Apis (954).png,Apis
Apis (955).png,Apis
Apis (956).png,Apis
Apis (957).png,Apis
Apis (958).png,Apis
Apis (959).png,Apis
Apis (96).png,Apis
Apis (960).png,Apis
Apis (961).png,Apis
Apis (962).png,Apis
Apis (963).png,Apis
Apis (964).png,Apis
Apis (965).png,Apis
Apis (966).png,Apis
Apis (967).png,Apis
Apis (968).png,Apis
Apis (969).png,Apis
Apis (97).png,Apis
Apis (970).png,Apis
Apis (971).png,Apis
Apis (972).png,Apis
Apis (973).png,Apis
Apis (974).png,Apis
Apis (975).png,Apis
Apis (976).png,Apis
Apis (977).png,Apis
Apis (978).png,Apis
Apis (979).png,Apis
Apis (98).png,Apis
Apis (980).png,Apis
Apis (981).png,Apis
Apis (982).png,Apis
Apis (983).png,Apis
Apis (984).png,Apis
Apis (985).png,Apis
Apis (986).png,Apis
Apis (987).png,Apis
Apis (988).png,Apis
Apis (989).png,Apis
Apis (99).png,Apis
Apis (990).png,Apis
Apis (991).png,Apis
Apis (992).png,Apis
Apis (993).png,Apis
Apis (994).png,Apis
Apis (995).png,Apis
Apis (996).png,Apis
Apis (997).png,Apis
Apis (998).png,Apis
Apis (999).png,Apis
NaoApis (1).png,NaoApis
NaoApis (10).png,NaoApis
NaoApis (100).png,NaoApis
NaoApis (1000).png,NaoApis
NaoApis (1001).png,NaoApis
NaoApis (1002).png,NaoApis
NaoApis (1003).png,NaoApis
NaoApis (1004).png,NaoApis
NaoApis (1005).png,NaoApis
NaoApis (1006).png,NaoApis
NaoApis (1007).png,NaoApis
NaoApis (1008).png,NaoApis
NaoApis (1009).png,NaoApis
NaoApis (101).png,NaoApis
NaoApis (1010).png,NaoApis
NaoApis (1011).png,NaoApis
NaoApis (1012).png,NaoApis
NaoApis (1013).png,NaoApis
NaoApis (1014).png,NaoApis
NaoApis (1015).png,NaoApis
NaoApis (1016).png,NaoApis
NaoApis (1017).png,NaoApis
NaoApis (1018).png,NaoApis
NaoApis (1019).png,NaoApis
NaoApis (102).png,NaoApis
NaoApis (1020).png,NaoApis
NaoApis (1021).png,NaoApis
NaoApis (1022).png,NaoApis
NaoApis (1023).png,NaoApis
NaoApis (1024).png,NaoApis
NaoApis (1025).png,NaoApis
NaoApis (1026).png,NaoApis
NaoApis (1027).png,NaoApis
NaoApis (1028).png,NaoApis
NaoApis (1029).png,NaoApis
NaoApis (103).png,NaoApis
NaoApis (1030).png,NaoApis
NaoApis (1031).png,NaoApis
NaoApis (1032).png,NaoApis
NaoApis (1033).png,NaoApis
NaoApis (1034).png,NaoApis
NaoApis (1035).png,NaoApis
NaoApis (1036).png,NaoApis
NaoApis (1037).png,NaoApis
NaoApis (1038).png,NaoApis
NaoApis (1039).png,NaoApis
NaoApis (104).png,NaoApis
NaoApis (1040).png,NaoApis
NaoApis (1041).png,NaoApis
NaoApis (1042).png,NaoApis
NaoApis (1043).png,NaoApis
NaoApis (1044).png,NaoApis
NaoApis (1045).png,NaoApis
NaoApis (1046).png,NaoApis
NaoApis (1047).png,NaoApis
NaoApis (1048).png,NaoApis
NaoApis (1049).png,NaoApis
NaoApis (105).png,NaoApis
NaoApis (1050).png,NaoApis
NaoApis (1051).png,NaoApis
NaoApis (1052).png,NaoApis
NaoApis (1053).png,NaoApis
NaoApis (1054).png,NaoApis
NaoApis (1055).png,NaoApis
NaoApis (1056).png,NaoApis
NaoApis (1057).png,NaoApis
NaoApis (1058).png,NaoApis
NaoApis (1059).png,NaoApis
NaoApis (106).png,NaoApis
NaoApis (1060).png,NaoApis
NaoApis (1061).png,NaoApis
NaoApis (1062).png,NaoApis
NaoApis (1063).png,NaoApis
NaoApis (1064).png,NaoApis
NaoApis (1065).png,NaoApis
NaoApis (1066).png,NaoApis
NaoApis (1067).png,NaoApis
NaoApis (1068).png,NaoApis
NaoApis (1069).png,NaoApis
NaoApis (107).png,NaoApis
NaoApis (1070).png,NaoApis
NaoApis (1071).png,NaoApis
NaoApis (1072).png,NaoApis
NaoApis (1073).png,NaoApis
NaoApis (1074).png,NaoApis
NaoApis (1075).png,NaoApis
NaoApis (1076).png,NaoApis
NaoApis (1077).png,NaoApis
NaoApis (1078).png,NaoApis
NaoApis (1079).png,NaoApis
NaoApis (108).png,NaoApis
NaoApis (1080).png,NaoApis
NaoApis (1081).png,NaoApis
NaoApis (1082).png,NaoApis
NaoApis (1083).png,NaoApis
NaoApis (1084).png,NaoApis
NaoApis (1085).png,NaoApis
NaoApis (1086).png,NaoApis
NaoApis (1087).png,NaoApis
NaoApis (1088).png,NaoApis
NaoApis (1089).png,NaoApis
NaoApis (109).png,NaoApis
NaoApis (1090).png,NaoApis
NaoApis (1091).png,NaoApis
NaoApis (1092).png,NaoApis
NaoApis (1093).png,NaoApis
NaoApis (1094).png,NaoApis
NaoApis (1095).png,NaoApis
NaoApis (1096).png,NaoApis
NaoApis (1097).png,NaoApis
NaoApis (1098).png,NaoApis
NaoApis (1099).png,NaoApis
NaoApis (11).png,NaoApis
NaoApis (110).png,NaoApis
NaoApis (1100).png,NaoApis
NaoApis (1101).png,NaoApis
NaoApis (1102).png,NaoApis
NaoApis (1103).png,NaoApis
NaoApis (1104).png,NaoApis
NaoApis (1105).png,NaoApis
NaoApis (1106).png,NaoApis
NaoApis (1107).png,NaoApis
NaoApis (1108).png,NaoApis
NaoApis (1109).png,NaoApis
NaoApis (111).png,NaoApis
NaoApis (1110).png,NaoApis
NaoApis (1111).png,NaoApis
NaoApis (1112).png,NaoApis
NaoApis (1113).png,NaoApis
NaoApis (1114).png,NaoApis
NaoApis (1115).png,NaoApis
NaoApis (1116).png,NaoApis
NaoApis (1117).png,NaoApis
NaoApis (1118).png,NaoApis
NaoApis (1119).png,NaoApis
NaoApis (112).png,NaoApis
NaoApis (1120).png,NaoApis
NaoApis (1121).png,NaoApis
NaoApis (1122).png,NaoApis
NaoApis (1123).png,NaoApis
NaoApis (1124).png,NaoApis
NaoApis (1125).png,NaoApis
NaoApis (1126).png,NaoApis
NaoApis (1127).png,NaoApis
NaoApis (1128).png,NaoApis
NaoApis (1129).png,NaoApis
NaoApis (113).png,NaoApis
NaoApis (1130).png,NaoApis
NaoApis (1131).png,NaoApis
NaoApis (1132).png,NaoApis
NaoApis (1133).png,NaoApis
NaoApis (1134).png,NaoApis
NaoApis (1135).png,NaoApis
NaoApis (1136).png,NaoApis
NaoApis (1137).png,NaoApis
NaoApis (1138).png,NaoApis
NaoApis (1139).png,NaoApis
NaoApis (114).png,NaoApis
NaoApis (1140).png,NaoApis
NaoApis (1141).png,NaoApis
NaoApis (1142).png,NaoApis
NaoApis (1143).png,NaoApis
NaoApis (1144).png,NaoApis
NaoApis (1145).png,NaoApis
NaoApis (1146).png,NaoApis
NaoApis (1147).png,NaoApis
NaoApis (1148).png,NaoApis
NaoApis (1149).png,NaoApis
NaoApis (115).png,NaoApis
NaoApis (1150).png,NaoApis
NaoApis (116).png,NaoApis
NaoApis (117).png,NaoApis
NaoApis (118).png,NaoApis
NaoApis (119).png,NaoApis
NaoApis (12).png,NaoApis
NaoApis (120).png,NaoApis
NaoApis (121).png,NaoApis
NaoApis (122).png,NaoApis
NaoApis (123).png,NaoApis
NaoApis (124).png,NaoApis
NaoApis (125).png,NaoApis
NaoApis (126).png,NaoApis
NaoApis (127).png,NaoApis
NaoApis (128).png,NaoApis
NaoApis (129).png,NaoApis
NaoApis (13).png,NaoApis
NaoApis (130).png,NaoApis
NaoApis (131).png,NaoApis
NaoApis (132).png,NaoApis
NaoApis (133).png,NaoApis
NaoApis (134).png,NaoApis
NaoApis (135).png,NaoApis
NaoApis (136).png,NaoApis
NaoApis (137).png,NaoApis
NaoApis (138).png,NaoApis
NaoApis (139).png,NaoApis
NaoApis (14).png,NaoApis
NaoApis (140).png,NaoApis
NaoApis (141).png,NaoApis
NaoApis (142).png,NaoApis
NaoApis (143).png,NaoApis
NaoApis (144).png,NaoApis
NaoApis (145).png,NaoApis
NaoApis (146).png,NaoApis
NaoApis (147).png,NaoApis
NaoApis (148).png,NaoApis
NaoApis (149).png,NaoApis
NaoApis (15).png,NaoApis
NaoApis (150).png,NaoApis
NaoApis (151).png,NaoApis
NaoApis (152).png,NaoApis
NaoApis (153).png,NaoApis
NaoApis (154).png,NaoApis
NaoApis (155).png,NaoApis
NaoApis (156).png,NaoApis
NaoApis (157).png,NaoApis
NaoApis (158).png,NaoApis
NaoApis (159).png,NaoApis
NaoApis (16).png,NaoApis
NaoApis (160).png,NaoApis
NaoApis (161).png,NaoApis
NaoApis (162).png,NaoApis
NaoApis (163).png,NaoApis
NaoApis (164).png,NaoApis
NaoApis (165).png,NaoApis
NaoApis (166).png,NaoApis
NaoApis (167).png,NaoApis
NaoApis (168).png,NaoApis
NaoApis (169).png,NaoApis
NaoApis (17).png,NaoApis
NaoApis (170).png,NaoApis
NaoApis (171).png,NaoApis
NaoApis (172).png,NaoApis
NaoApis (173).png,NaoApis
NaoApis (174).png,NaoApis
NaoApis (175).png,NaoApis
NaoApis (176).png,NaoApis
NaoApis (177).png,NaoApis
NaoApis (178).png,NaoApis
NaoApis (179).png,NaoApis
NaoApis (18).png,NaoApis
NaoApis (180).png,NaoApis
NaoApis (181).png,NaoApis
NaoApis (182).png,NaoApis
NaoApis (183).png,NaoApis
NaoApis (184).png,NaoApis
NaoApis (185).png,NaoApis
NaoApis (186).png,NaoApis
NaoApis (187).png,NaoApis
NaoApis (188).png,NaoApis
NaoApis (189).png,NaoApis
NaoApis (19).png,NaoApis
NaoApis (190).png,NaoApis
NaoApis (191).png,NaoApis
NaoApis (192).png,NaoApis
NaoApis (193).png,NaoApis
NaoApis (194).png,NaoApis
NaoApis (195).png,NaoApis
NaoApis (196).png,NaoApis
NaoApis (197).png,NaoApis
NaoApis (198).png,NaoApis
NaoApis (199).png,NaoApis
NaoApis (2).png,NaoApis
NaoApis (20).png,NaoApis
NaoApis (200).png,NaoApis
NaoApis (201).png,NaoApis
NaoApis (202).png,NaoApis
NaoApis (203).png,NaoApis
NaoApis (204).png,NaoApis
NaoApis (205).png,NaoApis
NaoApis (206).png,NaoApis
NaoApis (207).png,NaoApis
NaoApis (208).png,NaoApis
NaoApis (209).png,NaoApis
NaoApis (21).png,NaoApis
NaoApis (210).png,NaoApis
NaoApis (211).png,NaoApis
NaoApis (212).png,NaoApis
NaoApis (213).png,NaoApis
NaoApis (214).png,NaoApis
NaoApis (215).png,NaoApis
NaoApis (216).png,NaoApis
NaoApis (217).png,NaoApis
NaoApis (218).png,NaoApis
NaoApis (219).png,NaoApis
NaoApis (22).png,NaoApis
NaoApis (220).png,NaoApis
NaoApis (221).png,NaoApis
NaoApis (222).png,NaoApis
NaoApis (223).png,NaoApis
NaoApis (224).png,NaoApis
NaoApis (225).png,NaoApis
NaoApis (226).png,NaoApis
NaoApis (227).png,NaoApis
NaoApis (228).png,NaoApis
NaoApis (229).png,NaoApis
NaoApis (23).png,NaoApis
NaoApis (230).png,NaoApis
NaoApis (231).png,NaoApis
NaoApis (232).png,NaoApis
NaoApis (233).png,NaoApis
NaoApis (234).png,NaoApis
NaoApis (235).png,NaoApis
NaoApis (236).png,NaoApis
NaoApis (237).png,NaoApis
NaoApis (238).png,NaoApis
NaoApis (239).png,NaoApis
NaoApis (24).png,NaoApis
NaoApis (240).png,NaoApis
NaoApis (241).png,NaoApis
NaoApis (242).png,NaoApis
NaoApis (243).png,NaoApis
NaoApis (244).png,NaoApis
NaoApis (245).png,NaoApis
NaoApis (246).png,NaoApis
NaoApis (247).png,NaoApis
NaoApis (248).png,NaoApis
NaoApis (249).png,NaoApis
NaoApis (25).png,NaoApis
NaoApis (250).png,NaoApis
NaoApis (251).png,NaoApis
NaoApis (252).png,NaoApis
NaoApis (253).png,NaoApis
NaoApis (254).png,NaoApis
NaoApis (255).png,NaoApis
NaoApis (256).png,NaoApis
NaoApis (257).png,NaoApis
NaoApis (258).png,NaoApis
NaoApis (259).png,NaoApis
NaoApis (26).png,NaoApis
NaoApis (260).png,NaoApis
NaoApis (261).png,NaoApis
NaoApis (262).png,NaoApis
NaoApis (263).png,NaoApis
NaoApis (264).png,NaoApis
NaoApis (265).png,NaoApis
NaoApis (266).png,NaoApis
NaoApis (267).png,NaoApis
NaoApis (268).png,NaoApis
NaoApis (269).png,NaoApis
NaoApis (27).png,NaoApis
NaoApis (270).png,NaoApis
NaoApis (271).png,NaoApis
NaoApis (272).png,NaoApis
NaoApis (273).png,NaoApis
NaoApis (274).png,NaoApis
NaoApis (275).png,NaoApis
NaoApis (276).png,NaoApis
NaoApis (277).png,NaoApis
NaoApis (278).png,NaoApis
NaoApis (279).png,NaoApis
NaoApis (28).png,NaoApis
NaoApis (280).png,NaoApis
NaoApis (281).png,NaoApis
NaoApis (282).png,NaoApis
NaoApis (283).png,NaoApis
NaoApis (284).png,NaoApis
NaoApis (285).png,NaoApis
NaoApis (286).png,NaoApis
NaoApis (287).png,NaoApis
NaoApis (288).png,NaoApis
NaoApis (289).png,NaoApis
NaoApis (29).png,NaoApis
NaoApis (290).png,NaoApis
NaoApis (291).png,NaoApis
NaoApis (292).png,NaoApis
NaoApis (293).png,NaoApis
NaoApis (294).png,NaoApis
NaoApis (295).png,NaoApis
NaoApis (296).png,NaoApis
NaoApis (297).png,NaoApis
NaoApis (298).png,NaoApis
NaoApis (299).png,NaoApis
NaoApis (3).png,NaoApis
NaoApis (30).png,NaoApis
NaoApis (300).png,NaoApis
NaoApis (301).png,NaoApis
NaoApis (302).png,NaoApis
NaoApis (303).png,NaoApis
NaoApis (304).png,NaoApis
NaoApis (305).png,NaoApis
NaoApis (306).png,NaoApis
NaoApis (307).png,NaoApis
NaoApis (308).png,NaoApis
NaoApis (309).png,NaoApis
NaoApis (31).png,NaoApis
NaoApis (310).png,NaoApis
NaoApis (311).png,NaoApis
NaoApis (312).png,NaoApis
NaoApis (313).png,NaoApis
NaoApis (314).png,NaoApis
NaoApis (315).png,NaoApis
NaoApis (316).png,NaoApis
NaoApis (317).png,NaoApis
NaoApis (318).png,NaoApis
NaoApis (319).png,NaoApis
NaoApis (32).png,NaoApis
NaoApis (320).png,NaoApis
NaoApis (321).png,NaoApis
NaoApis (322).png,NaoApis
NaoApis (323).png,NaoApis
NaoApis (324).png,NaoApis
NaoApis (325).png,NaoApis
NaoApis (326).png,NaoApis
NaoApis (327).png,NaoApis
NaoApis (328).png,NaoApis
NaoApis (329).png,NaoApis
NaoApis (33).png,NaoApis
NaoApis (330).png,NaoApis
NaoApis (331).png,NaoApis
NaoApis (332).png,NaoApis
NaoApis (333).png,NaoApis
NaoApis (334).png,NaoApis
NaoApis (335).png,NaoApis
NaoApis (336).png,NaoApis
NaoApis (337).png,NaoApis
NaoApis (338).png,NaoApis
NaoApis (339).png,NaoApis
NaoApis (34).png,NaoApis
NaoApis (340).png,NaoApis
NaoApis (341).png,NaoApis
NaoApis (342).png,NaoApis
NaoApis (343).png,NaoApis
NaoApis (344).png,NaoApis
NaoApis (345).png,NaoApis
NaoApis (346).png,NaoApis
NaoApis (347).png,NaoApis
NaoApis (348).png,NaoApis
NaoApis (349).png,NaoApis
NaoApis (35).png,NaoApis
NaoApis (350).png,NaoApis
NaoApis (351).png,NaoApis
NaoApis (352).png,NaoApis
NaoApis (353).png,NaoApis
NaoApis (354).png,NaoApis
NaoApis (355).png,NaoApis
NaoApis (356).png,NaoApis
NaoApis (357).png,NaoApis
NaoApis (358).png,NaoApis
NaoApis (359).png,NaoApis
NaoApis (36).png,NaoApis
NaoApis (360).png,NaoApis
NaoApis (361).png,NaoApis
NaoApis (362).png,NaoApis
NaoApis (363).png,NaoApis
NaoApis (364).png,NaoApis
NaoApis (365).png,NaoApis
NaoApis (366).png,NaoApis
NaoApis (367).png,NaoApis
NaoApis (368).png,NaoApis
NaoApis (369).png,NaoApis
NaoApis (37).png,NaoApis
NaoApis (370).png,NaoApis
NaoApis (371).png,NaoApis
NaoApis (372).png,NaoApis
NaoApis (373).png,NaoApis
NaoApis (374).png,NaoApis
NaoApis (375).png,NaoApis
NaoApis (376).png,NaoApis
NaoApis (377).png,NaoApis
NaoApis (378).png,NaoApis
NaoApis (379).png,NaoApis
NaoApis (38).png,NaoApis
NaoApis (380).png,NaoApis
NaoApis (381).png,NaoApis
NaoApis (382).png,NaoApis
NaoApis (383).png,NaoApis
NaoApis (384).png,NaoApis
NaoApis (385).png,NaoApis
NaoApis (386).png,NaoApis
NaoApis (387).png,NaoApis
NaoApis (388).png,NaoApis
NaoApis (389).png,NaoApis
NaoApis (39).png,NaoApis
NaoApis (390).png,NaoApis
NaoApis (391).png,NaoApis
NaoApis (392).png,NaoApis
NaoApis (393).png,NaoApis
NaoApis (394).png,NaoApis
NaoApis (395).png,NaoApis
NaoApis (396).png,NaoApis
NaoApis (397).png,NaoApis
NaoApis (398).png,NaoApis
NaoApis (399).png,NaoApis
NaoApis (4).png,NaoApis
NaoApis (40).png,NaoApis
NaoApis (400).png,NaoApis
NaoApis (401).png,NaoApis
NaoApis (402).png,NaoApis
NaoApis (403).png,NaoApis
NaoApis (404).png,NaoApis
NaoApis (405).png,NaoApis
NaoApis (406).png,NaoApis
NaoApis (407).png,NaoApis
NaoApis (408).png,NaoApis
NaoApis (409).png,NaoApis
NaoApis (41).png,NaoApis
NaoApis (410).png,NaoApis
NaoApis (411).png,NaoApis
NaoApis (412).png,NaoApis
NaoApis (413).png,NaoApis
NaoApis (414).png,NaoApis
NaoApis (415).png,NaoApis
NaoApis (416).png,NaoApis
NaoApis (417).png,NaoApis
NaoApis (418).png,NaoApis
NaoApis (419).png,NaoApis
NaoApis (42).png,NaoApis
NaoApis (420).png,NaoApis
NaoApis (421).png,NaoApis
NaoApis (422).png,NaoApis
NaoApis (423).png,NaoApis
NaoApis (424).png,NaoApis
NaoApis (425).png,NaoApis
NaoApis (426).png,NaoApis
NaoApis (427).png,NaoApis
NaoApis (428).png,NaoApis
NaoApis (429).png,NaoApis
NaoApis (43).png,NaoApis
NaoApis (430).png,NaoApis
NaoApis (431).png,NaoApis
NaoApis (432).png,NaoApis
NaoApis (433).png,NaoApis
NaoApis (434).png,NaoApis
NaoApis (435).png,NaoApis
NaoApis (436).png,NaoApis
NaoApis (437).png,NaoApis
NaoApis (438).png,NaoApis
NaoApis (439).png,NaoApis
NaoApis (44).png,NaoApis
NaoApis (440).png,NaoApis
NaoApis (441).png,NaoApis
NaoApis (442).png,NaoApis
NaoApis (443).png,NaoApis
NaoApis (444).png,NaoApis
NaoApis (445).png,NaoApis
NaoApis (446).png,NaoApis
NaoApis (447).png,NaoApis
NaoApis (448).png,NaoApis
NaoApis (449).png,NaoApis
NaoApis (45).png,NaoApis
NaoApis (450).png,NaoApis
NaoApis (451).png,NaoApis
NaoApis (452).png,NaoApis
NaoApis (453).png,NaoApis
NaoApis (454).png,NaoApis
NaoApis (455).png,NaoApis
NaoApis (456).png,NaoApis
NaoApis (457).png,NaoApis
NaoApis (458).png,NaoApis
NaoApis (459).png,NaoApis
NaoApis (46).png,NaoApis
NaoApis (460).png,NaoApis
NaoApis (461).png,NaoApis
NaoApis (462).png,NaoApis
NaoApis (463).png,NaoApis
NaoApis (464).png,NaoApis
NaoApis (465).png,NaoApis
NaoApis (466).png,NaoApis
NaoApis (467).png,NaoApis
NaoApis (468).png,NaoApis
NaoApis (469).png,NaoApis
NaoApis (47).png,NaoApis
NaoApis (470).png,NaoApis
NaoApis (471).png,NaoApis
NaoApis (472).png,NaoApis
NaoApis (473).png,NaoApis
NaoApis (474).png,NaoApis
NaoApis (475).png,NaoApis
NaoApis (476).png,NaoApis
NaoApis (477).png,NaoApis
NaoApis (478).png,NaoApis
NaoApis (479).png,NaoApis
NaoApis (48).png,NaoApis
NaoApis (480).png,NaoApis
NaoApis (481).png,NaoApis
NaoApis (482).png,NaoApis
NaoApis (483).png,NaoApis
NaoApis (484).png,NaoApis
NaoApis (485).png,NaoApis
NaoApis (486).png,NaoApis
NaoApis (487).png,NaoApis
NaoApis (488).png,NaoApis
NaoApis (489).png,NaoApis
NaoApis (49).png,NaoApis
NaoApis (490).png,NaoApis
NaoApis (491).png,NaoApis
NaoApis (492).png,NaoApis
NaoApis (493).png,NaoApis
NaoApis (494).png,NaoApis
NaoApis (495).png,NaoApis
NaoApis (496).png,NaoApis
NaoApis (497).png,NaoApis
NaoApis (498).png,NaoApis
NaoApis (499).png,NaoApis
NaoApis (5).png,NaoApis
NaoApis (50).png,NaoApis
NaoApis (500).png,NaoApis
NaoApis (501).png,NaoApis
NaoApis (502).png,NaoApis
NaoApis (503).png,NaoApis
NaoApis (504).png,NaoApis
NaoApis (505).png,NaoApis
NaoApis (506).png,NaoApis
NaoApis (507).png,NaoApis
NaoApis (508).png,NaoApis
NaoApis (509).png,NaoApis
NaoApis (51).png,NaoApis
NaoApis (510).png,NaoApis
NaoApis (511).png,NaoApis
NaoApis (512).png,NaoApis
NaoApis (513).png,NaoApis
NaoApis (514).png,NaoApis
NaoApis (515).png,NaoApis
NaoApis (516).png,NaoApis
NaoApis (517).png,NaoApis
NaoApis (518).png,NaoApis
NaoApis (519).png,NaoApis
NaoApis (52).png,NaoApis
NaoApis (520).png,NaoApis
NaoApis (521).png,NaoApis
NaoApis (522).png,NaoApis
NaoApis (523).png,NaoApis
NaoApis (524).png,NaoApis
NaoApis (525).png,NaoApis
NaoApis (526).png,NaoApis
NaoApis (527).png,NaoApis
NaoApis (528).png,NaoApis
NaoApis (529).png,NaoApis
NaoApis (53).png,NaoApis
NaoApis (530).png,NaoApis
NaoApis (531).png,NaoApis
NaoApis (532).png,NaoApis
NaoApis (533).png,NaoApis
NaoApis (534).png,NaoApis
NaoApis (535).png,NaoApis
NaoApis (536).png,NaoApis
NaoApis (537).png,NaoApis
NaoApis (538).png,NaoApis
NaoApis (539).png,NaoApis
NaoApis (54).png,NaoApis
NaoApis (540).png,NaoApis
NaoApis (541).png,NaoApis
NaoApis (542).png,NaoApis
NaoApis (543).png,NaoApis
NaoApis (544).png,NaoApis
NaoApis (545).png,NaoApis
NaoApis (546).png,NaoApis
NaoApis (547).png,NaoApis
NaoApis (548).png,NaoApis
NaoApis (549).png,NaoApis
NaoApis (55).png,NaoApis
NaoApis (550).png,NaoApis
NaoApis (551).png,NaoApis
NaoApis (552).png,NaoApis
NaoApis (553).png,NaoApis
NaoApis (554).png,NaoApis
NaoApis (555).png,NaoApis
NaoApis (556).png,NaoApis
NaoApis (557).png,NaoApis
NaoApis (558).png,NaoApis
NaoApis (559).png,NaoApis
NaoApis (56).png,NaoApis
NaoApis (560).png,NaoApis
NaoApis (561).png,NaoApis
NaoApis (562).png,NaoApis
NaoApis (563).png,NaoApis
NaoApis (564).png,NaoApis
NaoApis (565).png,NaoApis
NaoApis (566).png,NaoApis
NaoApis (567).png,NaoApis
NaoApis (568).png,NaoApis
NaoApis (569).png,NaoApis
NaoApis (57).png,NaoApis
NaoApis (570).png,NaoApis
NaoApis (571).png,NaoApis
NaoApis (572).png,NaoApis
NaoApis (573).png,NaoApis
NaoApis (574).png,NaoApis
NaoApis (575).png,NaoApis
NaoApis (576).png,NaoApis
NaoApis (577).png,NaoApis
NaoApis (578).png,NaoApis
NaoApis (579).png,NaoApis
NaoApis (58).png,NaoApis
NaoApis (580).png,NaoApis
NaoApis (581).png,NaoApis
NaoApis (582).png,NaoApis
NaoApis (583).png,NaoApis
NaoApis (584).png,NaoApis
NaoApis (585).png,NaoApis
NaoApis (586).png,NaoApis
NaoApis (587).png,NaoApis
NaoApis (588).png,NaoApis
NaoApis (589).png,NaoApis
NaoApis (59).png,NaoApis
NaoApis (590).png,NaoApis
NaoApis (591).png,NaoApis
NaoApis (592).png,NaoApis
NaoApis (593).png,NaoApis
NaoApis (594).png,NaoApis
NaoApis (595).png,NaoApis
NaoApis (596).png,NaoApis
NaoApis (597).png,NaoApis
NaoApis (598).png,NaoApis
NaoApis (599).png,NaoApis
NaoApis (6).png,NaoApis
NaoApis (60).png,NaoApis
NaoApis (600).png,NaoApis
NaoApis (601).png,NaoApis
NaoApis (602).png,NaoApis
NaoApis (603).png,NaoApis
NaoApis (604).png,NaoApis
NaoApis (605).png,NaoApis
NaoApis (606).png,NaoApis
NaoApis (607).png,NaoApis
NaoApis (608).png,NaoApis
NaoApis (609).png,NaoApis
NaoApis (61).png,NaoApis
NaoApis (610).png,NaoApis
NaoApis (611).png,NaoApis
NaoApis (612).png,NaoApis
NaoApis (613).png,NaoApis
NaoApis (614).png,NaoApis
NaoApis (615).png,NaoApis
NaoApis (616).png,NaoApis
NaoApis (617).png,NaoApis
NaoApis (618).png,NaoApis
NaoApis (619).png,NaoApis
NaoApis (62).png,NaoApis
NaoApis (620).png,NaoApis
NaoApis (621).png,NaoApis
NaoApis (622).png,NaoApis
NaoApis (623).png,NaoApis
NaoApis (624).png,NaoApis
NaoApis (625).png,NaoApis
NaoApis (626).png,NaoApis
NaoApis (627).png,NaoApis
NaoApis (628).png,NaoApis
NaoApis (629).png,NaoApis
NaoApis (63).png,NaoApis
NaoApis (630).png,NaoApis
NaoApis (631).png,NaoApis
NaoApis (632).png,NaoApis
NaoApis (633).png,NaoApis
NaoApis (634).png,NaoApis
NaoApis (635).png,NaoApis
NaoApis (636).png,NaoApis
NaoApis (637).png,NaoApis
NaoApis (638).png,NaoApis
NaoApis (639).png,NaoApis
NaoApis (64).png,NaoApis
NaoApis (640).png,NaoApis
NaoApis (641).png,NaoApis
NaoApis (642).png,NaoApis
NaoApis (643).png,NaoApis
NaoApis (644).png,NaoApis
NaoApis (645).png,NaoApis
NaoApis (646).png,NaoApis
NaoApis (647).png,NaoApis
NaoApis (648).png,NaoApis
NaoApis (649).png,NaoApis
NaoApis (65).png,NaoApis
NaoApis (650).png,NaoApis
NaoApis (651).png,NaoApis
NaoApis (652).png,NaoApis
NaoApis (653).png,NaoApis
NaoApis (654).png,NaoApis
NaoApis (655).png,NaoApis
NaoApis (656).png,NaoApis
NaoApis (657).png,NaoApis
NaoApis (658).png,NaoApis
NaoApis (659).png,NaoApis
NaoApis (66).png,NaoApis
NaoApis (660).png,NaoApis
NaoApis (661).png,NaoApis
NaoApis (662).png,NaoApis
NaoApis (663).png,NaoApis
NaoApis (664).png,NaoApis
NaoApis (665).png,NaoApis
NaoApis (666).png,NaoApis
NaoApis (667).png,NaoApis
NaoApis (668).png,NaoApis
NaoApis (669).png,NaoApis
NaoApis (67).png,NaoApis
NaoApis (670).png,NaoApis
NaoApis (671).png,NaoApis
NaoApis (672).png,NaoApis
NaoApis (673).png,NaoApis
NaoApis (674).png,NaoApis
NaoApis (675).png,NaoApis
NaoApis (676).png,NaoApis
NaoApis (677).png,NaoApis
NaoApis (678).png,NaoApis
NaoApis (679).png,NaoApis
NaoApis (68).png,NaoApis
NaoApis (680).png,NaoApis
NaoApis (681).png,NaoApis
NaoApis (682).png,NaoApis
NaoApis (683).png,NaoApis
NaoApis (684).png,NaoApis
NaoApis (685).png,NaoApis
NaoApis (686).png,NaoApis
NaoApis (687).png,NaoApis
NaoApis (688).png,NaoApis
NaoApis (689).png,NaoApis
NaoApis (69).png,NaoApis
NaoApis (690).png,NaoApis
NaoApis (691).png,NaoApis
NaoApis (692).png,NaoApis
NaoApis (693).png,NaoApis
NaoApis (694).png,NaoApis
NaoApis (695).png,NaoApis
NaoApis (696).png,NaoApis
NaoApis (697).png,NaoApis
NaoApis (698).png,NaoApis
NaoApis (699).png,NaoApis
NaoApis (7).png,NaoApis
NaoApis (70).png,NaoApis
NaoApis (700).png,NaoApis
NaoApis (701).png,NaoApis
NaoApis (702).png,NaoApis
NaoApis (703).png,NaoApis
NaoApis (704).png,NaoApis
NaoApis (705).png,NaoApis
NaoApis (706).png,NaoApis
NaoApis (707).png,NaoApis
NaoApis (708).png,NaoApis
NaoApis (709).png,NaoApis
NaoApis (71).png,NaoApis
NaoApis (710).png,NaoApis
NaoApis (711).png,NaoApis
NaoApis (712).png,NaoApis
NaoApis (713).png,NaoApis
NaoApis (714).png,NaoApis
NaoApis (715).png,NaoApis
NaoApis (716).png,NaoApis
NaoApis (717).png,NaoApis
NaoApis (718).png,NaoApis
NaoApis (719).png,NaoApis
NaoApis (72).png,NaoApis
NaoApis (720).png,NaoApis
NaoApis (721).png,NaoApis
NaoApis (722).png,NaoApis
NaoApis (723).png,NaoApis
NaoApis (724).png,NaoApis
NaoApis (725).png,NaoApis
NaoApis (726).png,NaoApis
NaoApis (727).png,NaoApis
NaoApis (728).png,NaoApis
NaoApis (729).png,NaoApis
NaoApis (73).png,NaoApis
NaoApis (730).png,NaoApis
NaoApis (731).png,NaoApis
NaoApis (732).png,NaoApis
NaoApis (733).png,NaoApis
NaoApis (734).png,NaoApis
NaoApis (735).png,NaoApis
NaoApis (736).png,NaoApis
NaoApis (737).png,NaoApis
NaoApis (738).png,NaoApis
NaoApis (739).png,NaoApis
NaoApis (74).png,NaoApis
NaoApis (740).png,NaoApis
NaoApis (741).png,NaoApis
NaoApis (742).png,NaoApis
NaoApis (743).png,NaoApis
NaoApis (744).png,NaoApis
NaoApis (745).png,NaoApis
NaoApis (746).png,NaoApis
NaoApis (747).png,NaoApis
NaoApis (748).png,NaoApis
NaoApis (749).png,NaoApis
NaoApis (75).png,NaoApis
NaoApis (750).png,NaoApis
NaoApis (751).png,NaoApis
NaoApis (752).png,NaoApis
NaoApis (753).png,NaoApis
NaoApis (754).png,NaoApis
NaoApis (755).png,NaoApis
NaoApis (756).png,NaoApis
NaoApis (757).png,NaoApis
NaoApis (758).png,NaoApis
NaoApis (759).png,NaoApis
NaoApis (76).png,NaoApis
NaoApis (760).png,NaoApis
NaoApis (761).png,NaoApis
NaoApis (762).png,NaoApis
NaoApis (763).png,NaoApis
NaoApis (764).png,NaoApis
NaoApis (765).png,NaoApis
NaoApis (766).png,NaoApis
NaoApis (767).png,NaoApis
NaoApis (768).png,NaoApis
NaoApis (769).png,NaoApis
NaoApis (77).png,NaoApis
NaoApis (770).png,NaoApis
NaoApis (771).png,NaoApis
NaoApis (772).png,NaoApis
NaoApis (773).png,NaoApis
NaoApis (774).png,NaoApis
NaoApis (775).png,NaoApis
NaoApis (776).png,NaoApis
NaoApis (777).png,NaoApis
NaoApis (778).png,NaoApis
NaoApis (779).png,NaoApis
NaoApis (78).png,NaoApis
NaoApis (780).png,NaoApis
NaoApis (781).png,NaoApis
NaoApis (782).png,NaoApis
NaoApis (783).png,NaoApis
NaoApis (784).png,NaoApis
NaoApis (785).png,NaoApis
NaoApis (786).png,NaoApis
NaoApis (787).png,NaoApis
NaoApis (788).png,NaoApis
NaoApis (789).png,NaoApis
NaoApis (79).png,NaoApis
NaoApis (790).png,NaoApis
NaoApis (791).png,NaoApis
NaoApis (792).png,NaoApis
NaoApis (793).png,NaoApis
NaoApis (794).png,NaoApis
NaoApis (795).png,NaoApis
NaoApis (796).png,NaoApis
NaoApis (797).png,NaoApis
NaoApis (798).png,NaoApis
NaoApis (799).png,NaoApis
NaoApis (8).png,NaoApis
NaoApis (80).png,NaoApis
NaoApis (800).png,NaoApis
NaoApis (801).png,NaoApis
NaoApis (802).png,NaoApis
NaoApis (803).png,NaoApis
NaoApis (804).png,NaoApis
NaoApis (805).png,NaoApis
NaoApis (806).png,NaoApis
NaoApis (807).png,NaoApis
NaoApis (808).png,NaoApis
NaoApis (809).png,NaoApis
NaoApis (81).png,NaoApis
NaoApis (810).png,NaoApis
NaoApis (811).png,NaoApis
NaoApis (812).png,NaoApis
NaoApis (813).png,NaoApis
NaoApis (814).png,NaoApis
NaoApis (815).png,NaoApis
NaoApis (816).png,NaoApis
NaoApis (817).png,NaoApis
NaoApis (818).png,NaoApis
NaoApis (819).png,NaoApis
NaoApis (82).png,NaoApis
NaoApis (820).png,NaoApis
NaoApis (821).png,NaoApis
NaoApis (822).png,NaoApis
NaoApis (823).png,NaoApis
NaoApis (824).png,NaoApis
NaoApis (825).png,NaoApis
NaoApis (826).png,NaoApis
NaoApis (827).png,NaoApis
NaoApis (828).png,NaoApis
NaoApis (829).png,NaoApis
NaoApis (83).png,NaoApis
NaoApis (830).png,NaoApis
NaoApis (831).png,NaoApis
NaoApis (832).png,NaoApis
NaoApis (833).png,NaoApis
NaoApis (834).png,NaoApis
NaoApis (835).png,NaoApis
NaoApis (836).png,NaoApis
NaoApis (837).png,NaoApis
NaoApis (838).png,NaoApis
NaoApis (839).png,NaoApis
NaoApis (84).png,NaoApis
NaoApis (840).png,NaoApis
NaoApis (841).png,NaoApis
NaoApis (842).png,NaoApis
NaoApis (843).png,NaoApis
NaoApis (844).png,NaoApis
NaoApis (845).png,NaoApis
NaoApis (846).png,NaoApis
NaoApis (847).png,NaoApis
NaoApis (848).png,NaoApis
NaoApis (849).png,NaoApis
NaoApis (85).png,NaoApis
NaoApis (850).png,NaoApis
NaoApis (851).png,NaoApis
NaoApis (852).png,NaoApis
NaoApis (853).png,NaoApis
NaoApis (854).png,NaoApis
NaoApis (855).png,NaoApis
NaoApis (856).png,NaoApis
NaoApis (857).png,NaoApis
NaoApis (858).png,NaoApis
NaoApis (859).png,NaoApis
NaoApis (86).png,NaoApis
NaoApis (860).png,NaoApis
NaoApis (861).png,NaoApis
NaoApis (862).png,NaoApis
NaoApis (863).png,NaoApis
NaoApis (864).png,NaoApis
NaoApis (865).png,NaoApis
NaoApis (866).png,NaoApis
NaoApis (867).png,NaoApis
NaoApis (868).png,NaoApis
NaoApis (869).png,NaoApis
NaoApis (87).png,NaoApis
NaoApis (870).png,NaoApis
NaoApis (871).png,NaoApis
NaoApis (872).png,NaoApis
NaoApis (873).png,NaoApis
NaoApis (874).png,NaoApis
NaoApis (875).png,NaoApis
NaoApis (876).png,NaoApis
NaoApis (877).png,NaoApis
NaoApis (878).png,NaoApis
NaoApis (879).png,NaoApis
NaoApis (88).png,NaoApis
NaoApis (880).png,NaoApis
NaoApis (881).png,NaoApis
NaoApis (882).png,NaoApis
NaoApis (883).png,NaoApis
NaoApis (884).png,NaoApis
NaoApis (885).png,NaoApis
NaoApis (886).png,NaoApis
NaoApis (887).png,NaoApis
NaoApis (888).png,NaoApis
NaoApis (889).png,NaoApis
NaoApis (89).png,NaoApis
NaoApis (890).png,NaoApis
NaoApis (891).png,NaoApis
NaoApis (892).png,NaoApis
NaoApis (893).png,NaoApis
NaoApis (894).png,NaoApis
NaoApis (895).png,NaoApis
NaoApis (896).png,NaoApis
NaoApis (897).png,NaoApis
NaoApis (898).png,NaoApis
NaoApis (899).png,NaoApis
NaoApis (9).png,NaoApis
NaoApis (90).png,NaoApis
NaoApis (900).png,NaoApis
NaoApis (901).png,NaoApis
NaoApis (902).png,NaoApis
NaoApis (903).png,NaoApis
NaoApis (904).png,NaoApis
NaoApis (905).png,NaoApis
NaoApis (906).png,NaoApis
NaoApis (907).png,NaoApis
NaoApis (908).png,NaoApis
NaoApis (909).png,NaoApis
NaoApis (91).png,NaoApis
NaoApis (910).png,NaoApis
NaoApis (911).png,NaoApis
NaoApis (912).png,NaoApis
NaoApis (913).png,NaoApis
NaoApis (914).png,NaoApis
NaoApis (915).png,NaoApis
NaoApis (916).png,NaoApis
NaoApis (917).png,NaoApis
NaoApis (918).png,NaoApis
NaoApis (919).png,NaoApis
NaoApis (92).png,NaoApis
NaoApis (920).png,NaoApis
NaoApis (921).png,NaoApis
NaoApis (922).png,NaoApis
NaoApis (923).png,NaoApis
NaoApis (924).png,NaoApis
NaoApis (925).png,NaoApis
NaoApis (926).png,NaoApis
NaoApis (927).png,NaoApis
NaoApis (928).png,NaoApis
NaoApis (929).png,NaoApis
NaoApis (93).png,NaoApis
NaoApis (930).png,NaoApis
NaoApis (931).png,NaoApis
NaoApis (932).png,NaoApis
NaoApis (933).png,NaoApis
NaoApis (934).png,NaoApis
NaoApis (935).png,NaoApis
NaoApis (936).png,NaoApis
NaoApis (937).png,NaoApis
NaoApis (938).png,NaoApis
NaoApis (939).png,NaoApis
NaoApis (94).png,NaoApis
NaoApis (940).png,NaoApis
NaoApis (941).png,NaoApis
NaoApis (942).png,NaoApis
NaoApis (943).png,NaoApis
NaoApis (944).png,NaoApis
NaoApis (945).png,NaoApis
NaoApis (946).png,NaoApis
NaoApis (947).png,NaoApis
NaoApis (948).png,NaoApis
NaoApis (949).png,NaoApis
NaoApis (95).png,NaoApis
NaoApis (950).png,NaoApis
NaoApis (951).png,NaoApis
NaoApis (952).png,NaoApis
NaoApis (953).png,NaoApis
NaoApis (954).png,NaoApis
NaoApis (955).png,NaoApis
NaoApis (956).png,NaoApis
NaoApis (957).png,NaoApis
NaoApis (958).png,NaoApis
NaoApis (959).png,NaoApis
NaoApis (96).png,NaoApis
NaoApis (960).png,NaoApis
NaoApis (961).png,NaoApis
NaoApis (962).png,NaoApis
NaoApis (963).png,NaoApis
NaoApis (964).png,NaoApis
NaoApis (965).png,NaoApis
NaoApis (966).png,NaoApis
NaoApis (967).png,NaoApis
NaoApis (968).png,NaoApis
NaoApis (969).png,NaoApis
NaoApis (97).png,NaoApis
NaoApis (970).png,NaoApis
NaoApis (971).png,NaoApis
NaoApis (972).png,NaoApis
NaoApis (973).png,NaoApis
NaoApis (974).png,NaoApis
NaoApis (975).png,NaoApis
NaoApis (976).png,NaoApis
NaoApis (977).png,NaoApis
NaoApis (978).png,NaoApis
NaoApis (979).png,NaoApis
NaoApis (98).png,NaoApis
NaoApis (980).png,NaoApis
NaoApis (981).png,NaoApis
NaoApis (982).png,NaoApis
NaoApis (983).png,NaoApis
NaoApis (984).png,NaoApis
NaoApis (985).png,NaoApis
NaoApis (986).png,NaoApis
NaoApis (987).png,NaoApis
NaoApis (988).png,NaoApis
NaoApis (989).png,NaoApis
NaoApis (99).png,NaoApis
NaoApis (990).png,NaoApis
NaoApis (991).png,NaoApis
NaoApis (992).png,NaoApis
NaoApis (993).png,NaoApis
NaoApis (994).png,NaoApis
NaoApis (995).png,NaoApis
NaoApis (996).png,NaoApis
NaoApis (997).png,NaoApis
NaoApis (998).png,NaoApis
NaoApis (999).png,NaoApis